Thu Feb 27 11:47:23 UTC 2025
Thu Feb 27 12:19:57 UTC 2025
Fri Feb 28 12:19:38 UTC 2025
Sat Mar  1 12:17:57 UTC 2025
Sun Mar  2 12:17:31 UTC 2025
Mon Mar  3 12:20:25 UTC 2025
Tue Mar  4 12:20:07 UTC 2025
Wed Mar  5 12:20:03 UTC 2025
Thu Mar  6 12:20:07 UTC 2025
Fri Mar  7 12:19:33 UTC 2025
Sat Mar  8 12:14:13 UTC 2025
Sun Mar  9 12:14:28 UTC 2025
Mon Mar 10 12:20:48 UTC 2025
Tue Mar 11 12:20:48 UTC 2025
Wed Mar 12 12:20:25 UTC 2025
Thu Mar 13 12:20:47 UTC 2025
Fri Mar 14 12:19:31 UTC 2025
Sat Mar 15 12:18:00 UTC 2025
Sun Mar 16 12:17:48 UTC 2025
Mon Mar 17 12:20:49 UTC 2025
